"1","2","0","0","test1","test1","리플리플리플","201910211125"
"2","2","0","0","test2","test2","리플달아요!","201910211126"
"3","2","0","0","test3","test3","리플달고싶다!","201910211148"
"22","3","0","0","test4","test4","리플리플","20191028115130"
"25","3","0","0","test4","test4","리플리플","20191028172308"
"31","3","0","0","test4","test4","리플리플","20191029114556"
"32","3","0","0","test4","test4","리플리플","20191029115454"
"35","3","0","0","test4","test4","리플리플","20191029115457"
"38","3","0","0","test4","test4","리플리플","20191029115642"
"41","3","0","0","test4","test4","리플리플","20191104101206"
"42","3","0","0","test4","test4","리플리플","20191104101225"
"43","3","0","0","test4","test4","리플리플","20191104101226"
"44","3","0","0","test4","test4","리플리플","20191104101228"
"45","2","2","1","test3","test3","대댓글","20191104104050"
"46","3","0","0","test4","test4","???ø???","20191104142253"
"47","0","0","0","test4","test4","???ø???","20191104143134"
"49","0","0","0",,,,"20191105110702"
